id,first_name,last_name,email,gender,ip_address
1,Jena,Goede,jgoede0@youtu.be,Female,28.9.7.83
2,Bucky,Mourge,bmourge1@weebly.com,Male,56.135.24.213
3,Hansiain,Tour,htour2@tuttocitta.it,Male,122.47.88.69
4,Oates,Causbey,ocausbey3@friendfeed.com,Male,17.229.0.53
5,Tobin,Skip,tskip4@uiuc.edu,Male,179.121.249.141
6,Janeen,Whitehall,jwhitehall5@paginegialle.it,Female,60.18.217.181
7,Lindy,Enticott,lenticott6@booking.com,Male,130.33.189.2
8,Vale,Southcombe,vsouthcombe7@businessinsider.com,Male,137.246.40.66
9,Caressa,Plaister,cplaister8@psu.edu,Female,65.68.249.101
10,Reg,Fairebrother,rfairebrother9@paypal.com,Male,97.123.172.32
11,Shirlee,Phillpot,sphillpota@cbslocal.com,Female,140.114.185.227
12,Den,Bewshea,dbewsheab@spotify.com,Male,179.121.87.109
13,Bonni,Ferrone,bferronec@paypal.com,Female,43.110.172.13
14,Dode,Geldeford,dgeldefordd@oakley.com,Female,250.202.252.67
15,Rollo,Soff,rsoffe@ibm.com,Male,76.132.97.208
16,Pia,Trewett,ptrewettf@twitpic.com,Female,111.239.69.213
17,Gregor,Giovannazzi,ggiovannazzig@weebly.com,Male,134.231.234.216
18,Conant,Pauls,cpaulsh@goo.gl,Male,224.200.142.211
19,Kris,Ferrea,kferreai@skyrock.com,Female,83.143.146.87
20,Bendite,Nary,bnaryj@etsy.com,Agender,33.187.51.62
21,Helsa,Cumpton,hcumptonk@zdnet.com,Female,171.15.255.242
22,Farrand,Meehan,fmeehanl@domainmarket.com,Female,255.88.89.58
23,Constantia,De Meyer,cdemeyerm@nbcnews.com,Female,225.48.222.81
24,Boniface,Pimerick,bpimerickn@unc.edu,Male,224.75.42.35
25,Rhonda,Plank,rplanko@ucoz.com,Female,101.17.249.197
26,Anabal,Stittle,astittlep@va.gov,Female,227.253.169.58
27,Leigha,Gimlet,lgimletq@1688.com,Female,226.135.28.26
28,Rosaleen,McLorinan,rmclorinanr@ibm.com,Female,20.134.90.66
29,Augusto,O'Sheils,aosheilss@bloomberg.com,Male,147.232.168.45
30,Gustavus,Fridaye,gfridayet@springer.com,Male,242.164.160.60
31,Warner,Codrington,wcodringtonu@dot.gov,Male,176.98.48.159
32,Rasia,Esposita,respositav@smh.com.au,Female,36.147.67.78
33,Eugine,Blundin,eblundinw@csmonitor.com,Female,92.217.139.156
34,Meta,Twizell,mtwizellx@dell.com,Female,105.242.94.85
35,Erik,Reimer,ereimery@washingtonpost.com,Male,190.22.64.148
36,Chadd,Waszczyk,cwaszczykz@patch.com,Genderfluid,228.132.177.250
37,Joyann,Smithend,jsmithend10@mac.com,Female,33.127.211.45
38,Gustavus,Miles,gmiles11@jigsy.com,Male,214.197.157.240
39,Templeton,Rudham,trudham12@sohu.com,Male,67.158.79.114
40,Braden,Vasyukhin,bvasyukhin13@nature.com,Male,108.152.15.183
41,Ev,McKeady,emckeady14@geocities.jp,Male,168.82.156.217
42,Betteann,Durn,bdurn15@oaic.gov.au,Female,175.243.59.254
43,Elvin,Sepey,esepey16@springer.com,Male,186.130.154.4
44,Giovanni,Jouanet,gjouanet17@alibaba.com,Genderfluid,244.157.200.165
45,Marquita,Warstall,mwarstall18@admin.ch,Female,227.47.74.147
46,Melantha,Woodward,mwoodward19@unblog.fr,Female,239.122.254.221
47,Gonzalo,Upchurch,gupchurch1a@ucla.edu,Male,213.199.119.3
48,Lesley,Lackner,llackner1b@amazon.co.uk,Male,24.197.176.21
49,Neile,Abbatt,nabbatt1c@stanford.edu,Female,120.43.4.207
50,Goldy,Fitzhenry,gfitzhenry1d@bravesites.com,Female,185.78.63.158
51,Loralie,McGaugey,lmcgaugey1e@sakura.ne.jp,Female,80.79.181.177
52,Hasheem,Bentame,hbentame1f@tumblr.com,Male,13.254.174.63
53,Rosabelle,Assiratti,rassiratti1g@yandex.ru,Female,50.207.133.175
54,Mozelle,Skeete,mskeete1h@bravesites.com,Female,107.11.243.34
55,Krissie,While,kwhile1i@pbs.org,Female,134.194.248.64
56,Trevar,Terzza,tterzza1j@shinystat.com,Male,64.141.231.81
57,Zena,Finey,zfiney1k@surveymonkey.com,Female,194.17.136.18
58,Frans,Noriega,fnoriega1l@php.net,Male,253.193.205.63
59,Ynes,Meadway,ymeadway1m@tripadvisor.com,Female,10.39.35.100
60,Betsy,Saunderson,bsaunderson1n@storify.com,Female,220.43.134.110
61,Ave,Clive,aclive1o@issuu.com,Male,225.238.233.50
62,Sheeree,Grigorushkin,sgrigorushkin1p@hatena.ne.jp,Female,160.40.184.184
63,Claire,Farman,cfarman1q@gnu.org,Bigender,253.46.223.129
64,Blaire,Priter,bpriter1r@goo.ne.jp,Female,123.149.212.120
65,Warner,Gouthier,wgouthier1s@harvard.edu,Male,92.111.239.54
66,Lilias,Byk,lbyk1t@soundcloud.com,Female,249.175.76.7
67,Liam,Cunradi,lcunradi1u@wisc.edu,Male,47.170.1.117
68,Amie,Gerritzen,agerritzen1v@t.co,Female,177.120.206.187
69,Madelin,Moorhead,mmoorhead1w@amazon.de,Female,139.118.111.192
70,Harry,Etchell,hetchell1x@istockphoto.com,Male,183.11.237.182
71,Riordan,McKain,rmckain1y@xinhuanet.com,Male,42.194.107.137
72,Otha,Ledner,oledner1z@unesco.org,Genderqueer,231.120.6.106
73,Ferdie,Kitteridge,fkitteridge20@tumblr.com,Male,82.25.239.0
74,Celene,Camell,ccamell21@over-blog.com,Female,242.78.135.33
75,Ermengarde,Renon,erenon22@booking.com,Female,114.22.189.124
76,Danni,Rearden,drearden23@adobe.com,Female,189.113.150.231
77,Harlin,Tomney,htomney24@oakley.com,Male,194.210.118.112
78,Junie,Priditt,jpriditt25@nature.com,Genderqueer,73.176.240.156
79,Estell,Perrinchief,eperrinchief26@foxnews.com,Female,29.41.60.72
80,Tani,Foye,tfoye27@cbsnews.com,Female,213.80.148.148
81,Fanchette,Hucker,fhucker28@blinklist.com,Female,152.62.177.78
82,Philippine,Finden,pfinden29@ustream.tv,Female,173.12.214.55
83,Jessalyn,Cummungs,jcummungs2a@zdnet.com,Female,43.90.105.117
84,Dacia,Kensy,dkensy2b@state.gov,Female,137.183.123.131
85,Constantina,Stollwerk,cstollwerk2c@skype.com,Polygender,14.173.61.150
86,Ingamar,Rigmand,irigmand2d@oracle.com,Male,24.61.198.72
87,Colman,Cattrell,ccattrell2e@earthlink.net,Male,120.98.95.165
88,Bronny,Behnen,bbehnen2f@hhs.gov,Male,226.210.122.48
89,Auguste,Kerrigan,akerrigan2g@free.fr,Female,94.252.212.204
90,Thekla,Scapelhorn,tscapelhorn2h@cyberchimps.com,Female,165.33.77.223
91,Nessie,Bottrell,nbottrell2i@opera.com,Female,73.207.235.41
92,Caritta,Tebbe,ctebbe2j@wikimedia.org,Non-binary,165.147.166.253
93,Lari,McEntegart,lmcentegart2k@kickstarter.com,Female,99.142.129.140
94,Hendrik,Gilardi,hgilardi2l@illinois.edu,Male,254.34.52.74
95,Ardelis,Duckett,aduckett2m@wikispaces.com,Female,211.209.139.9
96,Finley,Cottey,fcottey2n@tmall.com,Male,112.47.9.160
97,Farley,Gates,fgates2o@feedburner.com,Male,164.214.201.173
98,Gussi,Wreight,gwreight2p@g.co,Female,160.250.23.221
99,Ruperto,De Blase,rdeblase2q@hc360.com,Male,37.21.72.177
100,Malinda,Rubica,mrubica2r@zdnet.com,Female,203.139.222.0
101,Julietta,Wasiela,jwasiela2s@biglobe.ne.jp,Female,232.166.103.133
102,Rubia,Moffatt,rmoffatt2t@nhs.uk,Female,4.21.164.7
103,Goldi,Shilstone,gshilstone2u@google.fr,Female,215.187.203.66
104,Lanae,Hadeke,lhadeke2v@eventbrite.com,Female,93.236.48.83
105,Debera,Scardifield,dscardifield2w@mtv.com,Polygender,85.63.15.236
106,Inigo,Jennery,ijennery2x@google.com,Bigender,77.154.208.208
107,Franklin,Spurdle,fspurdle2y@adobe.com,Non-binary,38.104.148.49
108,Godfry,Duiged,gduiged2z@diigo.com,Male,230.246.176.73
109,Dalia,Saker,dsaker30@un.org,Female,227.218.121.6
110,Isa,Gladdish,igladdish31@ihg.com,Female,220.28.36.164
111,Mikkel,Randerson,mranderson32@baidu.com,Male,142.10.248.124
112,Chance,Wastie,cwastie33@geocities.com,Male,237.68.86.233
113,Lucinda,Arnison,larnison34@123-reg.co.uk,Female,113.153.73.242
114,Avigdor,Donlon,adonlon35@squidoo.com,Male,112.236.65.104
115,Karlis,MacAdam,kmacadam36@alexa.com,Male,197.177.73.4
116,Dolli,Sainthill,dsainthill37@jigsy.com,Female,10.95.116.238
117,Konstantine,Rawsthorne,krawsthorne38@un.org,Male,160.99.8.56
118,Allistir,Thieme,athieme39@skype.com,Male,33.173.39.211
119,Shae,Blanque,sblanque3a@ihg.com,Male,69.13.200.106
120,Fiann,Eager,feager3b@quantcast.com,Female,128.74.157.191
121,Marlee,Scroyton,mscroyton3c@businessinsider.com,Female,31.242.61.26
122,Thaxter,Calyton,tcalyton3d@vimeo.com,Male,66.246.96.84
123,Stephen,Peevor,speevor3e@dropbox.com,Male,24.180.135.243
124,Shelagh,Bushill,sbushill3f@wikipedia.org,Polygender,127.87.92.222
125,Benn,Di Baudi,bdibaudi3g@bing.com,Male,100.237.49.127
126,Raff,Coneau,rconeau3h@forbes.com,Male,71.56.196.89
127,Donna,Woller,dwoller3i@upenn.edu,Genderfluid,102.223.137.32
128,Hester,Rollin,hrollin3j@huffingtonpost.com,Female,54.93.125.159
129,Barbee,Scaice,bscaice3k@netscape.com,Female,71.180.255.38
130,Kaylyn,Petronis,kpetronis3l@pinterest.com,Female,196.168.105.2
131,Andy,Trenfield,atrenfield3m@uiuc.edu,Agender,30.41.89.117
132,Tonnie,Melior,tmelior3n@squarespace.com,Male,61.8.80.31
133,Urson,Ronisch,uronisch3o@umn.edu,Male,82.98.172.69
134,Edmund,Dengel,edengel3p@dropbox.com,Male,162.193.241.171
135,Delilah,Carluccio,dcarluccio3q@plala.or.jp,Female,152.151.174.238
136,Cathrine,Pybworth,cpybworth3r@sitemeter.com,Genderfluid,131.123.105.116
137,Brent,Bewlie,bbewlie3s@dion.ne.jp,Male,96.108.156.173
138,Ailbert,Martensen,amartensen3t@bloglovin.com,Male,249.39.65.230
139,Seamus,Raffels,sraffels3u@webeden.co.uk,Male,32.42.133.201
140,Hewe,Ferminger,hferminger3v@booking.com,Male,63.172.188.143
141,Randall,Deare,rdeare3w@scribd.com,Polygender,58.9.108.160
142,Annmarie,Beacroft,abeacroft3x@google.ru,Female,51.205.10.75
143,Gabey,Dineges,gdineges3y@wordpress.org,Female,138.170.172.233
144,Henry,Curd,hcurd3z@ft.com,Male,10.86.66.198
145,Connor,Hainey`,chainey40@bloomberg.com,Male,212.5.25.215
146,Anya,Spensly,aspensly41@feedburner.com,Female,143.196.5.190
147,Goldina,Antognozzii,gantognozzii42@parallels.com,Female,149.76.221.93
148,Adriana,Howsley,ahowsley43@mac.com,Agender,199.155.194.252
149,Dorelia,Kausche,dkausche44@mozilla.org,Female,182.245.11.180
150,Ansel,Arter,aarter45@webeden.co.uk,Male,53.18.125.187
151,Fancie,Bamforth,fbamforth46@yahoo.com,Non-binary,228.201.95.120
152,Erick,Dunbobin,edunbobin47@stumbleupon.com,Male,171.206.28.1
153,Ev,Grotty,egrotty48@nationalgeographic.com,Male,146.207.74.192
154,Paolo,Scafe,pscafe49@ibm.com,Male,166.240.182.114
155,Consuela,Fulcher,cfulcher4a@miibeian.gov.cn,Female,238.227.217.137
156,Louisa,Doorbar,ldoorbar4b@vimeo.com,Female,160.231.252.255
157,De witt,Rykert,drykert4c@pbs.org,Male,83.95.243.217
158,Whitaker,Salleir,wsalleir4d@exblog.jp,Male,245.170.89.152
159,Ludovika,Antonik,lantonik4e@europa.eu,Female,51.111.30.48
160,Virgina,Proback,vproback4f@nature.com,Female,76.120.29.101
161,Tabina,Easdon,teasdon4g@hao123.com,Female,6.189.249.157
162,Chandler,Corse,ccorse4h@dedecms.com,Male,80.91.239.167
163,Brooks,Brackenridge,bbrackenridge4i@ucoz.com,Male,103.74.42.34
164,Kaiser,Barth,kbarth4j@icq.com,Male,58.135.84.65
165,Myrlene,Raund,mraund4k@nba.com,Female,105.96.111.74
166,Sheridan,Piccop,spiccop4l@jugem.jp,Male,213.230.32.218
167,Hilary,Lambotin,hlambotin4m@walmart.com,Male,134.231.248.27
168,Roderick,Basley,rbasley4n@gov.uk,Male,14.2.205.129
169,Belva,McCumesky,bmccumesky4o@feedburner.com,Female,34.158.33.148
170,Larine,Annies,lannies4p@quantcast.com,Polygender,157.152.246.229
171,Marcel,Boulsher,mboulsher4q@bbc.co.uk,Male,64.244.244.252
172,Bertrando,Spinozzi,bspinozzi4r@microsoft.com,Male,241.237.61.65
173,Basilius,Metterick,bmetterick4s@cisco.com,Male,112.211.226.62
174,Farlee,Hacking,fhacking4t@cyberchimps.com,Male,203.150.91.236
175,Thorsten,Beveredge,tbeveredge4u@edublogs.org,Male,119.4.146.123
176,Farr,Louw,flouw4v@usa.gov,Male,36.120.39.12
177,Perice,Mew,pmew4w@sphinn.com,Genderqueer,211.185.170.207
178,Riobard,Crowe,rcrowe4x@cloudflare.com,Male,14.24.227.17
179,Julius,Fazan,jfazan4y@addtoany.com,Male,107.37.85.155
180,Lyn,Faley,lfaley4z@europa.eu,Female,31.183.84.231
181,Cindra,Harower,charower50@drupal.org,Female,209.9.213.58
182,Ruby,Grimme,rgrimme51@un.org,Female,178.149.119.124
183,Alfons,Kirvin,akirvin52@i2i.jp,Male,52.236.0.124
184,Roy,Brittle,rbrittle53@princeton.edu,Male,67.89.144.18
185,Darline,Pauluzzi,dpauluzzi54@exblog.jp,Female,0.37.88.18
186,Sydney,Sor,ssor55@narod.ru,Female,116.88.203.231
187,Borg,Sallan,bsallan56@mozilla.org,Male,193.172.115.85
188,Petey,Scyner,pscyner57@behance.net,Male,74.116.38.200
189,Jean,Themann,jthemann58@nyu.edu,Male,231.69.147.251
190,Claudia,Howles,chowles59@flavors.me,Female,54.9.60.218
191,Verine,Pigne,vpigne5a@deliciousdays.com,Female,219.101.94.142
192,Desmund,Laite,dlaite5b@multiply.com,Male,169.40.59.110
193,Lotte,Cestard,lcestard5c@ft.com,Female,107.197.133.105
194,Anne,Ceyssen,aceyssen5d@ucsd.edu,Female,6.25.77.68
195,Jannel,Grigoriscu,jgrigoriscu5e@pinterest.com,Female,91.137.135.30
196,Sallyanne,Edeler,sedeler5f@cmu.edu,Female,204.203.253.24
197,Rodney,Gorrissen,rgorrissen5g@nationalgeographic.com,Male,193.1.217.214
198,Vyky,Fishbie,vfishbie5h@twitpic.com,Female,237.135.220.207
199,Antone,Pretor,apretor5i@biblegateway.com,Male,241.229.116.223
200,Jarad,Klimko,jklimko5j@abc.net.au,Male,30.225.114.209
201,Gisella,Illwell,gillwell5k@harvard.edu,Female,74.27.64.146
202,Urbano,Carnock,ucarnock5l@constantcontact.com,Male,155.53.221.194
203,Fae,Ovitz,fovitz5m@weebly.com,Female,122.239.93.18
204,Brett,Safont,bsafont5n@scientificamerican.com,Male,97.250.89.226
205,Dulsea,Umpleby,dumpleby5o@economist.com,Female,73.214.116.38
206,Tuckie,Hoff,thoff5p@sciencedaily.com,Male,36.123.69.1
207,Doro,Keigher,dkeigher5q@jiathis.com,Female,1.242.191.233
208,Purcell,Anthoine,panthoine5r@marketwatch.com,Male,200.24.68.106
209,Marilee,McKiddin,mmckiddin5s@bing.com,Female,71.25.247.4
210,Drugi,O' Meara,domeara5t@va.gov,Male,113.111.176.246
211,Damara,MacDonell,dmacdonell5u@apple.com,Non-binary,101.17.94.198
212,Goran,Thams,gthams5v@nydailynews.com,Male,103.225.41.234
213,Conni,Swanne,cswanne5w@lulu.com,Female,115.111.8.128
214,Heath,Spellesy,hspellesy5x@cbslocal.com,Male,227.0.84.54
215,Kaia,Van Hove,kvanhove5y@arstechnica.com,Female,46.66.149.187
216,Caroljean,Derricoat,cderricoat5z@tinypic.com,Female,233.216.157.10
217,Dwayne,Brundale,dbrundale60@jigsy.com,Male,52.43.6.226
218,Gretal,Light,glight61@dyndns.org,Female,113.239.250.247
219,Yance,Connow,yconnow62@yellowbook.com,Male,21.86.13.125
220,Rodi,Lemanu,rlemanu63@moonfruit.com,Female,219.4.161.40
221,Fey,McArthur,fmcarthur64@si.edu,Female,54.36.39.92
222,Mehetabel,Giannasi,mgiannasi65@w3.org,Female,82.80.28.9
223,Helli,Douche,hdouche66@google.es,Female,176.220.233.199
224,Nikki,Bridgman,nbridgman67@bloomberg.com,Agender,179.132.80.37
225,Mischa,Niblett,mniblett68@economist.com,Male,114.85.188.193
226,Masha,Proctor,mproctor69@youtu.be,Female,229.48.165.229
227,Kristel,Colchett,kcolchett6a@nih.gov,Female,173.52.46.68
228,Kristal,Ivashkin,kivashkin6b@ezinearticles.com,Female,116.125.95.202
229,Coop,Ferie,cferie6c@vinaora.com,Male,47.61.243.29
230,Darcee,Jammes,djammes6d@chronoengine.com,Female,18.219.148.4
231,Diane,Wherton,dwherton6e@ucoz.com,Female,141.234.173.73
232,Cindy,Scardefield,cscardefield6f@purevolume.com,Female,84.7.77.8
233,Karylin,Archibald,karchibald6g@booking.com,Female,9.99.26.50
234,Jordain,Jolin,jjolin6h@archive.org,Female,73.33.80.120
235,Nellie,Haxley,nhaxley6i@geocities.com,Female,179.100.0.24
236,Hanny,Begley,hbegley6j@g.co,Female,142.38.115.23
237,Marielle,Sproule,msproule6k@ehow.com,Female,219.250.63.40
238,Valentina,Bissell,vbissell6l@cyberchimps.com,Female,119.146.69.54
239,Korry,Yewdale,kyewdale6m@elegantthemes.com,Female,200.112.173.12
240,Tera,Dodd,tdodd6n@dailymotion.com,Female,114.236.192.175
241,L;urette,Bahia,lbahia6o@meetup.com,Female,165.93.240.0
242,Sapphira,Andrzejewski,sandrzejewski6p@domainmarket.com,Female,50.87.217.84
243,Whitby,Kmieciak,wkmieciak6q@bizjournals.com,Male,210.220.159.134
244,Reese,Borley,rborley6r@comsenz.com,Bigender,112.27.143.250
245,Miquela,Stanlock,mstanlock6s@g.co,Female,7.73.79.96
246,Nicholle,Guilleton,nguilleton6t@examiner.com,Female,93.169.121.235
247,Wendi,O'Brallaghan,wobrallaghan6u@reference.com,Female,121.151.153.163
248,Lurlene,Rewcastle,lrewcastle6v@mapquest.com,Polygender,168.213.97.58
249,Timothee,Di Biagi,tdibiagi6w@mail.ru,Male,76.60.147.143
250,Frieda,Burth,fburth6x@un.org,Female,76.65.34.139
251,Vlad,Hymor,vhymor6y@netlog.com,Male,165.224.228.218
252,Katuscha,Keeley,kkeeley6z@last.fm,Female,218.198.72.183
253,Lucienne,Mewett,lmewett70@seesaa.net,Female,82.189.46.34
254,Rhetta,Klezmski,rklezmski71@uiuc.edu,Female,141.8.99.31
255,Cori,Cosford,ccosford72@gizmodo.com,Male,132.117.113.53
256,Daffi,Lamberti,dlamberti73@spiegel.de,Female,159.224.149.102
257,Clem,Mizen,cmizen74@umich.edu,Non-binary,64.211.56.213
258,Ambrosio,Aucoate,aaucoate75@storify.com,Male,250.111.21.87
259,Asia,Geharke,ageharke76@zimbio.com,Female,87.157.156.130
260,Cal,Monte,cmonte77@msu.edu,Agender,53.200.132.245
261,Jarid,Peterkin,jpeterkin78@theatlantic.com,Male,225.208.242.52
262,Carlee,Faucherand,cfaucherand79@is.gd,Female,190.144.37.214
263,Inga,Sultana,isultana7a@hostgator.com,Female,224.4.44.187
264,Darryl,Hanlin,dhanlin7b@google.ca,Male,1.44.133.209
265,Frederique,Igounet,figounet7c@newyorker.com,Female,96.176.251.248
266,Ephrayim,Sorrel,esorrel7d@redcross.org,Male,80.182.7.67
267,Crista,Torrecilla,ctorrecilla7e@cafepress.com,Female,109.92.38.120
268,Dode,Biles,dbiles7f@phoca.cz,Female,92.132.133.25
269,Shantee,Evelyn,sevelyn7g@godaddy.com,Female,246.89.222.87
270,Guilbert,Volleth,gvolleth7h@free.fr,Male,136.114.193.160
271,Jammie,Ottawell,jottawell7i@google.com,Female,191.93.213.239
272,Kinna,Amey,kamey7j@dmoz.org,Female,168.113.163.187
273,Corrie,Dalmon,cdalmon7k@hugedomains.com,Female,244.151.139.89
274,Buddy,Folcarelli,bfolcarelli7l@list-manage.com,Polygender,223.47.85.37
275,Derril,Tregiddo,dtregiddo7m@pagesperso-orange.fr,Male,55.115.21.155
276,Zahara,Kleiser,zkleiser7n@theatlantic.com,Female,13.237.63.95
277,Truman,Bransden,tbransden7o@twitpic.com,Male,231.38.26.65
278,Dun,Renner,drenner7p@illinois.edu,Male,182.165.206.227
279,Kiel,Leneham,kleneham7q@smh.com.au,Male,36.63.113.155
280,Toiboid,Jales,tjales7r@rambler.ru,Male,195.251.33.53
281,Shellysheldon,Brugh,sbrugh7s@vimeo.com,Male,234.231.78.22
282,Matelda,Chopin,mchopin7t@yellowbook.com,Female,31.18.88.198
283,Normand,Joule,njoule7u@hexun.com,Male,116.49.184.6
284,Rickard,Newdick,rnewdick7v@comcast.net,Male,79.108.10.233
285,Jamill,Snoad,jsnoad7w@time.com,Bigender,31.228.134.247
286,Barnabe,Plenty,bplenty7x@parallels.com,Male,141.48.3.176
287,Clerc,Zorener,czorener7y@live.com,Male,175.230.139.227
288,Damien,Chancelier,dchancelier7z@shop-pro.jp,Male,197.49.81.65
289,Rolando,Ingliby,ringliby80@delicious.com,Male,130.181.128.67
290,Corinna,Duesbury,cduesbury81@house.gov,Bigender,70.95.99.166
291,Loleta,Dellatorre,ldellatorre82@51.la,Female,72.244.28.25
292,Orlando,Kornousek,okornousek83@furl.net,Male,52.105.222.40
293,Renee,McTrustey,rmctrustey84@photobucket.com,Female,21.44.1.94
294,Seumas,Mustill,smustill85@seesaa.net,Male,43.218.118.168
295,Devlen,Spellman,dspellman86@drupal.org,Male,156.62.165.227
296,Maxy,Bonnett,mbonnett87@1688.com,Male,183.77.35.30
297,Selestina,Sanzio,ssanzio88@tamu.edu,Female,200.67.234.22
298,Saunderson,Blue,sblue89@cloudflare.com,Male,1.30.113.13
299,Darin,Ivankin,divankin8a@soundcloud.com,Male,73.103.27.193
300,William,Vivash,wvivash8b@ebay.co.uk,Male,158.247.66.241
301,Thelma,Chansonnau,tchansonnau8c@narod.ru,Female,178.36.232.101
302,Audry,Schoffler,aschoffler8d@edublogs.org,Female,147.143.125.43
303,Magdalene,Proud,mproud8e@surveymonkey.com,Female,13.172.78.153
304,Venita,Lidgley,vlidgley8f@goo.ne.jp,Female,173.209.84.135
305,Glyn,Pole,gpole8g@digg.com,Male,2.123.229.137
306,Malynda,Addionizio,maddionizio8h@china.com.cn,Female,117.224.207.229
307,Leland,Schwandermann,lschwandermann8i@shutterfly.com,Male,226.83.198.206
308,Fleurette,Smickle,fsmickle8j@blogspot.com,Female,223.122.110.128
309,Selig,Gladdis,sgladdis8k@amazon.com,Male,201.77.64.199
310,Jonie,Chardin,jchardin8l@clickbank.net,Female,143.144.89.218
311,Emily,Sansbury,esansbury8m@networksolutions.com,Female,97.144.131.242
312,Clerissa,Suthworth,csuthworth8n@last.fm,Agender,7.184.196.51
313,Carlyn,Boc,cboc8o@fema.gov,Female,167.201.204.125
314,Dewey,Bello,dbello8p@umn.edu,Male,147.116.0.196
315,Abbott,Andreoletti,aandreoletti8q@imageshack.us,Male,242.98.131.129
316,Maryjo,Casaccia,mcasaccia8r@princeton.edu,Female,38.55.68.172
317,See,Foxley,sfoxley8s@etsy.com,Male,16.33.172.158
318,Dorolisa,Dumbreck,ddumbreck8t@marriott.com,Female,45.186.215.162
319,Adey,Drioli,adrioli8u@deviantart.com,Female,122.3.213.91
320,Langsdon,Emblow,lemblow8v@deliciousdays.com,Male,70.101.245.125
321,Elsy,Van den Oord,evandenoord8w@dedecms.com,Female,187.165.121.88
322,Catha,Flaubert,cflaubert8x@nydailynews.com,Female,38.205.169.37
323,Audi,Veighey,aveighey8y@sohu.com,Female,38.241.62.201
324,Kaine,Marcombe,kmarcombe8z@dmoz.org,Male,177.90.206.190
325,Livy,Errol,lerrol90@economist.com,Female,26.38.44.251
326,Bink,Delooze,bdelooze91@nifty.com,Male,160.162.155.115
327,Osbourn,Harcourt,oharcourt92@hc360.com,Male,27.79.195.12
328,Mikaela,Bassam,mbassam93@ycombinator.com,Female,0.0.186.36
329,Dolley,Rosingdall,drosingdall94@lulu.com,Female,164.186.76.218
330,Ainsley,Juszczyk,ajuszczyk95@prweb.com,Female,135.145.224.192
331,Arluene,Epilet,aepilet96@bloglovin.com,Female,231.58.110.198
332,Maggee,O'Lyhane,molyhane97@fema.gov,Female,144.113.66.181
333,Dannye,Scupham,dscupham98@eepurl.com,Genderqueer,8.16.72.67
334,Veronika,Weyland,vweyland99@si.edu,Female,247.238.210.216
335,Sauveur,Pargetter,spargetter9a@sun.com,Male,125.164.65.16
336,Ashla,Yateman,ayateman9b@thetimes.co.uk,Female,124.246.160.209
337,Jackquelin,Grigore,jgrigore9c@smh.com.au,Female,94.97.59.102
338,Troy,Langdon,tlangdon9d@java.com,Male,100.166.110.83
339,Derek,Beltzner,dbeltzner9e@tamu.edu,Male,88.83.61.168
340,Lowe,Esposi,lesposi9f@de.vu,Male,21.157.24.127
341,Georgena,Orbine,gorbine9g@bandcamp.com,Female,205.86.46.185
342,Mil,Florez,mflorez9h@cnn.com,Female,53.229.148.240
343,Ira,Barok,ibarok9i@wired.com,Male,73.239.24.183
344,Arthur,Werrit,awerrit9j@microsoft.com,Male,128.41.84.46
345,Alick,Frankis,afrankis9k@newsvine.com,Male,211.23.74.176
346,Gaby,Birkett,gbirkett9l@house.gov,Polygender,139.16.178.146
347,Michele,Yewdall,myewdall9m@ftc.gov,Female,52.103.238.33
348,Ibby,Canniffe,icanniffe9n@sun.com,Female,158.141.62.215
349,Gwenneth,Barrick,gbarrick9o@smh.com.au,Female,16.108.43.64
350,Lew,Taber,ltaber9p@typepad.com,Male,82.7.237.182
351,Aurel,Labusquiere,alabusquiere9q@newsvine.com,Female,82.24.68.197
352,Jacobo,Freschi,jfreschi9r@cyberchimps.com,Male,221.41.170.2
353,Mayne,Gittis,mgittis9s@dailymotion.com,Male,100.6.169.35
354,Sansone,Possek,spossek9t@berkeley.edu,Male,228.39.64.209
355,Nicoline,Corneil,ncorneil9u@engadget.com,Female,195.73.170.212
356,Dalila,Whybrow,dwhybrow9v@prnewswire.com,Female,132.77.183.36
357,Caty,Andrzejczak,candrzejczak9w@blogspot.com,Female,159.153.127.19
358,Franklin,Luckes,fluckes9x@vk.com,Male,75.108.23.158
359,Zorina,Dorow,zdorow9y@networksolutions.com,Female,201.47.45.140
360,Camella,Perllman,cperllman9z@cnet.com,Female,209.26.249.98
361,Giuseppe,Whitlaw,gwhitlawa0@youtube.com,Male,5.23.6.41
362,Rosana,Woffenden,rwoffendena1@google.de,Female,118.2.58.148
363,Valdemar,Gregol,vgregola2@prlog.org,Male,46.115.8.141
364,Alvan,Krates,akratesa3@forbes.com,Male,203.14.215.11
365,Jeffie,Marquot,jmarquota4@apple.com,Male,143.102.211.82
366,Melinde,Saylor,msaylora5@google.ca,Female,168.80.128.63
367,Garth,Brunsen,gbrunsena6@taobao.com,Male,49.161.161.203
368,Ferguson,Stansbie,fstansbiea7@spotify.com,Male,79.175.17.158
369,Bianka,Sergison,bsergisona8@geocities.jp,Female,88.36.214.77
370,Bartram,Yarham,byarhama9@amazon.co.jp,Male,67.199.173.38
371,Trev,Stooders,tstoodersaa@meetup.com,Male,83.134.82.248
372,Lishe,Revelle,lrevelleab@privacy.gov.au,Female,230.14.51.173
373,Maiga,Floch,mflochac@alibaba.com,Female,11.108.165.208
374,Erskine,Lebreton,elebretonad@comcast.net,Male,8.0.2.165
375,Desirae,Truelock,dtruelockae@utexas.edu,Female,26.127.188.181
376,Forester,Bowton,fbowtonaf@hatena.ne.jp,Male,143.118.112.147
377,Pedro,Doohan,pdoohanag@wp.com,Male,222.120.139.60
378,Maryanna,Lailey,mlaileyah@google.com.br,Non-binary,206.36.137.99
379,Mavra,Haversham,mhavershamai@bloglines.com,Female,91.248.28.126
380,Oralle,Hurne,ohurneaj@jalbum.net,Female,147.77.88.207
381,Aidan,Egleton,aegletonak@youtube.com,Female,66.66.59.148
382,Jacynth,Enderle,jenderleal@canalblog.com,Female,103.234.8.212
383,Justis,Pach,jpacham@taobao.com,Male,202.242.202.227
384,Harlan,Breston,hbrestonan@china.com.cn,Male,7.228.29.175
385,Albrecht,Beldom,abeldomao@washingtonpost.com,Male,164.246.152.192
386,Chiarra,Patrick,cpatrickap@abc.net.au,Female,18.37.232.161
387,Hillary,Borge,hborgeaq@virginia.edu,Male,171.245.85.38
388,Ettore,Hurtado,ehurtadoar@linkedin.com,Male,40.159.85.155
389,Constantia,Vargas,cvargasas@huffingtonpost.com,Female,202.39.19.195
390,Fan,Inggall,finggallat@uiuc.edu,Female,84.226.87.11
391,Sarena,Hasney,shasneyau@altervista.org,Female,97.41.150.61
392,Randi,Zelner,rzelnerav@oracle.com,Female,29.41.75.136
393,Milty,Vallerine,mvallerineaw@mapquest.com,Non-binary,187.102.234.122
394,Zacharia,Royse,zroyseax@meetup.com,Male,2.214.216.166
395,Malachi,Meo,mmeoay@homestead.com,Male,218.213.221.65
396,Liam,Creer,lcreeraz@addthis.com,Male,130.87.92.8
397,Ines,De Marchi,idemarchib0@ed.gov,Female,146.95.105.112
398,Omar,Tomkiss,otomkissb1@ehow.com,Male,163.228.235.8
399,Blakelee,Alflat,balflatb2@dropbox.com,Female,158.237.217.178
400,Rik,Tuison,rtuisonb3@comsenz.com,Male,13.165.61.56
401,Welsh,Blackham,wblackhamb4@fema.gov,Male,20.118.183.97
402,Jaclin,Di Francecshi,jdifrancecshib5@eepurl.com,Female,88.74.113.232
403,Dasya,Cohn,dcohnb6@google.com.br,Genderfluid,226.124.100.49
404,Luciano,Orhrt,lorhrtb7@google.fr,Male,75.70.124.155
405,Amye,Itshak,aitshakb8@spiegel.de,Female,3.43.38.59
406,Erika,Ramel,eramelb9@pen.io,Female,175.134.118.136
407,Silvan,Silverton,ssilvertonba@harvard.edu,Male,134.162.249.117
408,Fayth,Prahm,fprahmbb@geocities.com,Female,79.18.125.252
409,Marje,Gillicuddy,mgillicuddybc@indiatimes.com,Female,74.70.86.33
410,Sherill,Luthwood,sluthwoodbd@reuters.com,Female,131.122.155.188
411,Isak,Taffee,itaffeebe@cbc.ca,Male,95.137.37.68
412,Arnuad,Cousin,acousinbf@icio.us,Male,129.109.218.55
413,Simone,Groundwater,sgroundwaterbg@mail.ru,Male,5.64.251.112
414,Zebulon,Schoenfisch,zschoenfischbh@engadget.com,Male,0.181.181.85
415,Lauren,Haking,lhakingbi@icq.com,Male,33.137.176.13
416,Wake,Milham,wmilhambj@domainmarket.com,Male,47.215.92.45
417,Dionne,Phizackerly,dphizackerlybk@flickr.com,Female,251.170.183.207
418,Bondie,Pracy,bpracybl@washington.edu,Male,2.197.84.87
419,Fred,Hinksen,fhinksenbm@printfriendly.com,Female,203.10.48.130
420,Joanne,Sheardown,jsheardownbn@yolasite.com,Female,232.160.110.146
421,Baudoin,Doers,bdoersbo@google.de,Male,83.248.5.153
422,Nikoletta,Songest,nsongestbp@fotki.com,Female,202.149.224.37
423,Noel,Gladdis,ngladdisbq@technorati.com,Male,156.95.240.189
424,Gothart,Hayer,ghayerbr@columbia.edu,Male,67.184.106.244
425,Moore,Mattiazzo,mmattiazzobs@printfriendly.com,Male,49.234.87.11
426,Mauricio,Sheaber,msheaberbt@loc.gov,Male,123.107.230.114
427,Nate,Thynne,nthynnebu@umn.edu,Agender,173.150.175.246
428,Conny,Lilburn,clilburnbv@ucla.edu,Male,44.2.181.204
429,Grantham,Adam,gadambw@ucsd.edu,Male,185.169.53.141
430,Harrison,Enderwick,henderwickbx@mediafire.com,Male,252.179.212.67
431,Justin,O'Crotty,jocrottyby@pcworld.com,Male,139.35.35.221
432,Madelin,Bartzen,mbartzenbz@tripadvisor.com,Female,187.21.9.194
433,Leonhard,Fagence,lfagencec0@patch.com,Male,55.184.125.62
434,Alicia,Cattrell,acattrellc1@ebay.com,Female,181.230.92.82
435,Morly,Riha,mrihac2@toplist.cz,Male,164.5.110.158
436,Ermentrude,Coverly,ecoverlyc3@yelp.com,Female,134.208.10.188
437,Britney,Titterington,btitteringtonc4@cam.ac.uk,Female,195.225.86.54
438,Conrade,Cordingley,ccordingleyc5@123-reg.co.uk,Male,230.201.151.135
439,Madel,Miell,mmiellc6@lycos.com,Female,156.234.14.135
440,Jill,Philips,jphilipsc7@dedecms.com,Female,36.25.23.144
441,Denis,Huddlestone,dhuddlestonec8@t.co,Male,76.179.134.218
442,Terrel,Braham,tbrahamc9@phoca.cz,Male,40.132.94.83
443,Virgil,Tremayne,vtremayneca@comcast.net,Male,36.87.85.225
444,Karissa,Chalker,kchalkercb@taobao.com,Female,157.152.35.130
445,Liza,Jan,ljancc@addthis.com,Female,142.217.211.55
446,Emery,Dunkley,edunkleycd@bandcamp.com,Male,125.65.177.15
447,Dulcea,Egle,deglece@google.fr,Female,229.137.72.123
448,Jillie,Cloutt,jclouttcf@army.mil,Female,96.186.36.216
449,Derk,Jeavons,djeavonscg@goo.ne.jp,Male,119.136.50.31
450,Teddie,Ravenscroft,travenscroftch@godaddy.com,Female,135.62.45.131
451,Omero,Skip,oskipci@xing.com,Male,129.84.194.51
452,Yorker,Twentyman,ytwentymancj@histats.com,Bigender,153.230.110.169
453,Tommy,Jakubovsky,tjakubovskyck@theglobeandmail.com,Male,251.196.136.222
454,Mar,Raggitt,mraggittcl@discuz.net,Male,47.151.5.185
455,Marti,Jiras,mjirascm@de.vu,Female,138.52.196.118
456,Andreana,Cordes,acordescn@bbc.co.uk,Female,79.55.10.25
457,Carver,Bentinck,cbentinckco@forbes.com,Male,29.229.18.11
458,Matti,Sargint,msargintcp@bloomberg.com,Female,33.221.160.222
459,Che,Darkin,cdarkincq@yelp.com,Male,167.111.89.201
460,Ailina,Rabbage,arabbagecr@hostgator.com,Female,70.65.7.85
461,Cathie,Horsfield,chorsfieldcs@tuttocitta.it,Female,24.120.81.206
462,Myrwyn,Pottes,mpottesct@creativecommons.org,Non-binary,174.213.144.208
463,Welsh,Gatland,wgatlandcu@prweb.com,Male,24.234.83.22
464,Agatha,Kittoe,akittoecv@businesswire.com,Female,201.210.216.90
465,Caty,Witcombe,cwitcombecw@tiny.cc,Female,243.211.2.249
466,Kirbie,Campe,kcampecx@blogtalkradio.com,Female,139.244.124.255
467,Flory,McIlhagga,fmcilhaggacy@sogou.com,Male,42.146.103.102
468,Leelah,Spargo,lspargocz@sphinn.com,Female,117.71.87.142
469,Willow,Lartice,wlarticed0@e-recht24.de,Female,71.90.5.156
470,Cyrus,Scud,cscudd1@mac.com,Male,102.105.162.117
471,Marcille,Chatenier,mchatenierd2@lulu.com,Female,178.97.192.202
472,Micah,Galilee,mgalileed3@sphinn.com,Male,242.251.192.82
473,Lynette,Scalera,lscalerad4@list-manage.com,Female,201.222.131.224
474,Bruis,Reekie,breekied5@wordpress.org,Male,194.63.66.178
475,Boniface,Witherspoon,bwitherspoond6@multiply.com,Male,102.94.97.115
476,Roddy,Sedcole,rsedcoled7@ning.com,Male,75.126.165.147
477,Kevon,Valadez,kvaladezd8@spotify.com,Male,190.81.88.94
478,Sheffy,Lynett,slynettd9@businessinsider.com,Male,18.6.104.229
479,Anthe,Burdon,aburdonda@wikispaces.com,Female,171.97.69.121
480,Alasdair,Warmisham,awarmishamdb@de.vu,Male,250.33.197.8
481,Novelia,Pepperill,npepperilldc@umich.edu,Female,111.58.184.113
482,Jobye,Kissack,jkissackdd@prnewswire.com,Female,97.107.210.137
483,Gwenore,Stout,gstoutde@latimes.com,Female,204.203.21.55
484,Nanni,Leeb,nleebdf@dyndns.org,Female,2.181.203.180
485,Lilllie,Kopelman,lkopelmandg@bandcamp.com,Female,3.218.161.222
486,Aridatha,Shrimplin,ashrimplindh@netlog.com,Non-binary,20.50.163.240
487,Nichols,Iacovides,niacovidesdi@prnewswire.com,Male,36.239.84.137
488,Kent,Audiss,kaudissdj@merriam-webster.com,Male,229.190.249.160
489,Charlotte,Ravenscroftt,cravenscrofttdk@huffingtonpost.com,Female,241.91.177.64
490,Jo,Forlong,jforlongdl@xinhuanet.com,Male,255.137.232.148
491,Bertram,Hail,bhaildm@drupal.org,Male,138.180.172.212
492,Shina,Defraine,sdefrainedn@cmu.edu,Female,226.4.44.92
493,Rozina,Bulloch,rbullochdo@dell.com,Female,94.204.225.171
494,Con,Weippert,cweippertdp@noaa.gov,Female,183.37.17.136
495,Oren,Ealles,oeallesdq@qq.com,Male,171.92.81.179
496,Alix,Todarello,atodarellodr@yahoo.com,Female,211.133.51.89
497,Dahlia,Ferns,dfernsds@bravesites.com,Female,104.50.63.156
498,Diana,Schneidar,dschneidardt@constantcontact.com,Female,181.244.39.252
499,Gregg,Brosio,gbrosiodu@nasa.gov,Male,51.103.191.40
500,Yvette,Arrandale,yarrandaledv@furl.net,Female,223.28.231.9
501,Polly,Kindleysides,pkindleysidesdw@columbia.edu,Female,191.142.201.92
502,Norrie,Ruos,nruosdx@bloomberg.com,Male,47.83.105.55
503,Michelle,Heathcote,mheathcotedy@baidu.com,Female,16.246.62.162
504,Sanderson,Wreak,swreakdz@virginia.edu,Agender,43.227.241.125
505,Reggie,Ubsdall,rubsdalle0@dyndns.org,Male,244.234.45.122
506,Luther,Keelan,lkeelane1@posterous.com,Male,212.189.41.186
507,Francene,Sindell,fsindelle2@psu.edu,Agender,224.28.83.88
508,Agnesse,Ridoutt,aridoutte3@abc.net.au,Female,216.242.84.189
509,Agretha,Dorward,adorwarde4@yolasite.com,Female,69.180.238.67
510,Jenny,Poznanski,jpoznanskie5@admin.ch,Female,63.166.22.154
511,Verine,Stukings,vstukingse6@state.tx.us,Female,117.60.35.96
512,Ginnifer,Sutton,gsuttone7@youtube.com,Female,194.124.11.174
513,Frankie,Defau,fdefaue8@lulu.com,Male,32.97.74.177
514,Goddard,Aberhart,gaberharte9@ucla.edu,Male,80.119.86.188
515,Bondy,Dodwell,bdodwellea@51.la,Male,27.157.204.132
516,Richardo,Stringer,rstringereb@nyu.edu,Male,79.96.62.135
517,Althea,Farrimond,afarrimondec@abc.net.au,Female,40.141.224.144
518,Gino,Aberchirder,gaberchirdered@yellowpages.com,Male,3.187.176.127
519,Syman,Newton,snewtonee@google.co.jp,Male,99.69.207.221
520,Sampson,Currin,scurrinef@tamu.edu,Male,255.223.49.47
521,Leroy,Greensmith,lgreensmitheg@tiny.cc,Male,245.149.98.83
522,Lu,Mugglestone,lmugglestoneeh@amazon.de,Female,44.77.4.243
523,Aleda,Jobbings,ajobbingsei@hatena.ne.jp,Female,175.229.16.94
524,Marlena,Brotherhed,mbrotherhedej@ihg.com,Female,122.70.209.203
525,Jim,Swaisland,jswaislandek@de.vu,Bigender,221.82.248.212
526,Federica,Cousin,fcousinel@home.pl,Female,221.86.198.168
527,Winifield,Mathwin,wmathwinem@youtu.be,Male,227.33.51.231
528,Edmon,Wildor,ewildoren@fc2.com,Male,154.101.71.108
529,Dorothy,Shellsheere,dshellsheereeo@ca.gov,Female,215.26.131.129
530,Marrilee,Cronk,mcronkep@com.com,Female,163.51.186.74
531,Porty,Ksandra,pksandraeq@ox.ac.uk,Non-binary,222.115.22.15
532,Cornela,Vizard,cvizarder@google.ru,Female,102.189.1.184
533,Ilse,Maciunas,imaciunases@reddit.com,Non-binary,190.113.237.131
534,Dirk,Colebourn,dcolebournet@xing.com,Male,111.63.182.246
535,Ryann,Dikelin,rdikelineu@feedburner.com,Female,121.78.38.73
536,Betteann,Hyndes,bhyndesev@comcast.net,Female,208.238.74.99
537,Lester,Gatiss,lgatissew@youtube.com,Male,173.169.200.72
538,Rutger,Lamar,rlamarex@tumblr.com,Male,61.143.170.141
539,Lexine,Newbery,lnewberyey@shutterfly.com,Female,43.244.143.79
540,Oberon,Braddon,obraddonez@cargocollective.com,Male,61.29.237.180
541,Baldwin,Balwin,bbalwinf0@weather.com,Male,200.48.200.167
542,Derek,McGrail,dmcgrailf1@umn.edu,Male,15.115.196.19
543,Queenie,Temperton,qtempertonf2@wiley.com,Female,190.198.36.106
544,Andrey,Jahnisch,ajahnischf3@google.it,Male,82.51.98.41
545,Brittney,Tailour,btailourf4@telegraph.co.uk,Female,32.193.162.106
546,Elsworth,Fullalove,efullalovef5@gov.uk,Male,26.19.157.4
547,Pepito,Zmitrichenko,pzmitrichenkof6@wiley.com,Male,240.145.153.148
548,Annalee,Mothersdale,amothersdalef7@vistaprint.com,Female,146.225.160.61
549,Jennette,Lared,jlaredf8@japanpost.jp,Female,205.54.112.10
550,Julienne,Hallas,jhallasf9@barnesandnoble.com,Female,48.9.163.84
551,Gasper,Winslet,gwinsletfa@kickstarter.com,Male,166.192.187.191
552,Glenine,Gres,ggresfb@vkontakte.ru,Female,183.121.160.57
553,Theda,Katte,tkattefc@yolasite.com,Female,181.29.117.94
554,Eadmund,Habbert,ehabbertfd@nymag.com,Male,165.230.160.49
555,Nora,Kunkel,nkunkelfe@sina.com.cn,Female,170.199.193.171
556,Chelsie,Joselin,cjoselinff@baidu.com,Female,218.233.224.175
557,Onofredo,Gillivrie,ogillivriefg@flickr.com,Male,182.48.36.47
558,Jean,Ragdale,jragdalefh@wikipedia.org,Genderqueer,10.151.182.125
559,Isadora,Buxam,ibuxamfi@cam.ac.uk,Female,35.43.217.252
560,Hamid,McInulty,hmcinultyfj@51.la,Male,241.97.136.33
561,Trudy,Cranny,tcrannyfk@microsoft.com,Female,13.147.154.224
562,Audie,Habden,ahabdenfl@engadget.com,Female,80.47.224.10
563,Martguerita,Atton,mattonfm@yahoo.com,Female,179.160.245.64
564,Mufinella,De Biasi,mdebiasifn@imdb.com,Female,192.233.206.223
565,Kaitlin,Biset,kbisetfo@networkadvertising.org,Female,68.18.150.251
566,Shaine,Szimoni,sszimonifp@smugmug.com,Male,149.47.4.117
567,Virgie,Poltone,vpoltonefq@webeden.co.uk,Male,92.69.15.151
568,Brocky,Skillicorn,bskillicornfr@indiatimes.com,Male,2.99.179.9
569,Guglielmo,Higginbottam,ghigginbottamfs@businessweek.com,Male,166.40.42.235
570,Lorrin,Giannoni,lgiannonift@blogspot.com,Female,188.203.33.59
571,Cleon,Pellamonuten,cpellamonutenfu@wordpress.com,Male,162.249.179.16
572,Catha,Dooley,cdooleyfv@sun.com,Female,179.125.106.67
573,Levy,Shovel,lshovelfw@ask.com,Bigender,253.226.150.98
574,Artie,Stott,astottfx@pcworld.com,Male,214.92.110.14
575,Ursula,Gittose,ugittosefy@photobucket.com,Female,201.103.215.2
576,Sallyann,Belderson,sbeldersonfz@gizmodo.com,Female,147.210.65.195
577,Kalinda,Friel,kfrielg0@yahoo.co.jp,Female,221.40.173.223
578,Alfonso,Wakerley,awakerleyg1@opensource.org,Male,148.3.219.253
579,Emery,Vitall,evitallg2@zdnet.com,Male,155.146.31.150
580,Isis,Symcox,isymcoxg3@virginia.edu,Female,34.239.64.76
581,Lianna,Pim,lpimg4@free.fr,Agender,101.44.118.6
582,Atlante,Hinks,ahinksg5@trellian.com,Female,210.193.139.216
583,Irwinn,Kennham,ikennhamg6@cargocollective.com,Male,169.254.237.204
584,Rosalind,Oldacres,roldacresg7@yale.edu,Female,220.240.36.3
585,Amble,Killingworth,akillingworthg8@gnu.org,Male,94.170.180.77
586,Farrand,Currao,fcurraog9@cbslocal.com,Non-binary,65.145.246.166
587,Enrique,Doniso,edonisoga@cdc.gov,Male,195.156.47.113
588,Bjorn,Mease,bmeasegb@ftc.gov,Male,13.68.18.226
589,Nicolais,Gookey,ngookeygc@indiegogo.com,Male,114.207.128.70
590,Kippy,Blewitt,kblewittgd@ifeng.com,Male,151.172.201.220
591,Carlie,Batters,cbattersge@xinhuanet.com,Female,124.151.135.120
592,Dell,Spittle,dspittlegf@ebay.com,Female,251.154.81.61
593,Jaclin,Alexsandrovich,jalexsandrovichgg@shareasale.com,Female,107.3.233.227
594,Susy,Nelthropp,snelthroppgh@adobe.com,Female,238.85.242.128
595,Maddie,Brookhouse,mbrookhousegi@cdbaby.com,Male,164.239.155.40
596,Roma,Mobley,rmobleygj@cdc.gov,Male,103.96.233.238
597,Gil,Akenhead,gakenheadgk@amazon.de,Genderqueer,197.113.170.110
598,Johan,Verlinde,jverlindegl@fastcompany.com,Male,245.179.9.60
599,Dolli,Garthside,dgarthsidegm@msu.edu,Female,91.27.203.238
600,Ruperto,Quenell,rquenellgn@t-online.de,Male,24.212.233.159
601,Corinne,Pickering,cpickeringgo@howstuffworks.com,Female,37.245.107.206
602,Leontyne,Blurton,lblurtongp@github.io,Female,138.78.104.235
603,Jillie,Trever,jtrevergq@buzzfeed.com,Female,163.226.138.122
604,Brodie,Gaylard,bgaylardgr@prlog.org,Male,188.0.167.204
605,Zedekiah,Elmer,zelmergs@fda.gov,Male,84.57.6.168
606,Shelby,Tyreman,styremangt@bandcamp.com,Female,78.32.44.122
607,Aloin,Cannaway,acannawaygu@yellowbook.com,Agender,105.243.158.233
608,Dana,Lardiner,dlardinergv@timesonline.co.uk,Male,99.213.177.182
609,Kaila,Schirok,kschirokgw@myspace.com,Female,140.111.54.129
610,Zahara,Abrahmovici,zabrahmovicigx@about.com,Polygender,189.239.163.66
611,Kelsi,Farfalameev,kfarfalameevgy@mtv.com,Female,60.158.166.47
612,Brianne,Haresnaip,bharesnaipgz@gov.uk,Female,112.216.162.82
613,Lindie,Lovel,llovelh0@mashable.com,Female,235.61.163.193
614,Cullen,Bavage,cbavageh1@biglobe.ne.jp,Male,234.247.51.65
615,Claudie,Sondon,csondonh2@cargocollective.com,Female,186.155.89.53
616,Mylo,Yarranton,myarrantonh3@imgur.com,Male,251.203.119.178
617,Dinah,Simkins,dsimkinsh4@ftc.gov,Female,20.27.110.227
618,Beryl,Rizzone,brizzoneh5@livejournal.com,Female,160.30.252.81
619,Dale,Measor,dmeasorh6@sogou.com,Male,21.195.91.149
620,Rhys,Constantine,rconstantineh7@g.co,Male,202.105.207.251
621,Alis,Larman,alarmanh8@i2i.jp,Female,196.71.15.95
622,Monty,Skeemor,mskeemorh9@alexa.com,Male,89.223.209.168
623,Tadeas,Burling,tburlingha@zdnet.com,Male,176.143.207.57
624,Quent,L' Anglois,qlangloishb@soundcloud.com,Male,184.212.245.40
625,Berny,MacCaffery,bmaccafferyhc@1688.com,Male,140.187.11.86
626,Nicky,Blann,nblannhd@businessinsider.com,Male,31.23.127.222
627,Franciskus,Broszkiewicz,fbroszkiewiczhe@miitbeian.gov.cn,Male,72.198.35.110
628,Idaline,Beumant,ibeumanthf@mac.com,Female,195.88.132.111
629,Jacklyn,Dymock,jdymockhg@hatena.ne.jp,Female,250.209.114.238
630,Ailis,Elies,aelieshh@hubpages.com,Female,37.71.30.152
631,Peria,Wigley,pwigleyhi@macromedia.com,Female,56.81.200.245
632,Titus,Eglise,teglisehj@unesco.org,Male,30.64.173.95
633,Brocky,Calladine,bcalladinehk@weather.com,Male,118.215.78.25
634,Danyelle,Dee,ddeehl@disqus.com,Female,197.32.254.231
635,Wanids,McElroy,wmcelroyhm@boston.com,Genderqueer,32.254.121.143
636,Florella,McCulloch,fmccullochhn@wsj.com,Female,84.41.253.62
637,Davon,Mealiffe,dmealiffeho@state.tx.us,Male,175.72.154.232
638,Hurley,McGaw,hmcgawhp@alexa.com,Male,88.60.10.28
639,Gusty,Bosher,gbosherhq@npr.org,Female,147.242.26.241
640,Melvyn,McElvine,mmcelvinehr@biblegateway.com,Male,116.11.55.13
641,Hollis,O'Keefe,hokeefehs@ebay.co.uk,Male,251.66.156.94
642,Myrwyn,Domm,mdommht@sphinn.com,Polygender,111.47.61.211
643,Olympia,Dikles,odikleshu@elpais.com,Female,118.40.219.132
644,Salim,Cloughton,scloughtonhv@mediafire.com,Male,210.57.227.253
645,Toby,McAulay,tmcaulayhw@goo.ne.jp,Male,72.230.27.196
646,North,Flacknell,nflacknellhx@springer.com,Male,185.177.11.50
647,Stephine,Chasmor,schasmorhy@latimes.com,Female,211.140.57.139
648,Lorin,Billie,lbilliehz@squarespace.com,Male,91.65.82.72
649,Mora,Drysdall,mdrysdalli0@cafepress.com,Female,177.244.222.149
650,Jenna,Cheeke,jcheekei1@imgur.com,Female,105.197.123.187
651,Ronica,Gegay,rgegayi2@ebay.co.uk,Female,56.103.49.225
652,Gertrude,Ginty,ggintyi3@acquirethisname.com,Female,224.80.5.193
653,Melany,Balcon,mbalconi4@newyorker.com,Female,187.119.114.95
654,Anderson,Gurdon,agurdoni5@over-blog.com,Male,228.193.176.63
655,Aile,Hub,ahubi6@squarespace.com,Bigender,62.67.188.212
656,Bob,Calderwood,bcalderwoodi7@friendfeed.com,Male,12.2.167.131
657,Minda,Syres,msyresi8@google.nl,Female,8.35.64.16
658,Man,Iddy,middyi9@patch.com,Male,104.205.144.252
659,Gay,Readshall,greadshallia@bbc.co.uk,Male,222.252.115.209
660,Jerald,Goschalk,jgoschalkib@house.gov,Male,66.226.95.199
661,Phillida,Attwood,pattwoodic@nytimes.com,Female,179.88.53.27
662,Marlena,Grevile,mgrevileid@vk.com,Female,122.48.176.151
663,Maddie,Satford,msatfordie@latimes.com,Male,228.136.112.240
664,Shelby,Hubery,shuberyif@gnu.org,Female,150.212.67.189
665,Nerissa,Scutter,nscutterig@huffingtonpost.com,Female,196.191.98.183
666,Antony,MacAirt,amacairtih@princeton.edu,Male,110.193.91.68
667,Kattie,Dolphin,kdolphinii@twitter.com,Female,104.156.121.221
668,Zora,Mellish,zmellishij@adobe.com,Genderfluid,142.158.251.12
669,Nappie,Nanni,nnanniik@prlog.org,Male,146.53.118.233
670,Darby,Hewes,dhewesil@wordpress.org,Female,18.16.14.41
671,Milty,Boone,mbooneim@com.com,Male,148.59.145.19
672,Nikos,Waliszewski,nwaliszewskiin@house.gov,Male,147.183.105.92
673,Darcee,Baptie,dbaptieio@topsy.com,Female,201.219.132.19
674,Renaud,Pullinger,rpullingerip@infoseek.co.jp,Male,146.166.149.9
675,Sansone,Ashurst,sashurstiq@mlb.com,Male,174.65.222.42
676,Ezechiel,Shale,eshaleir@un.org,Male,249.209.162.124
677,Theresina,Georgievski,tgeorgievskiis@businessinsider.com,Female,188.150.76.2
678,Bambie,Burger,bburgerit@ebay.com,Female,80.142.40.6
679,Missie,Cosgriff,mcosgriffiu@photobucket.com,Female,166.110.235.198
680,August,Townend,atownendiv@zimbio.com,Male,71.79.20.246
681,Lenka,Grishanov,lgrishanoviw@whitehouse.gov,Female,127.236.32.213
682,Emelyne,Classen,eclassenix@netscape.com,Female,31.112.164.57
683,Ashley,Deshon,adeshoniy@dailymail.co.uk,Male,43.50.127.48
684,Harri,Petronis,hpetronisiz@jugem.jp,Female,166.48.251.52
685,Granger,Berends,gberendsj0@pcworld.com,Male,8.181.168.35
686,Beulah,Snowling,bsnowlingj1@alexa.com,Female,84.72.164.112
687,Kariotta,Patrono,kpatronoj2@fema.gov,Female,204.114.2.152
688,Samara,Waddy,swaddyj3@bandcamp.com,Polygender,11.186.98.180
689,Frankie,Philipet,fphilipetj4@mapquest.com,Male,71.218.85.40
690,Karola,Dobrovolski,kdobrovolskij5@163.com,Female,101.154.131.80
691,Mady,Rumin,mruminj6@toplist.cz,Female,124.157.228.183
692,Ted,MacRury,tmacruryj7@microsoft.com,Male,65.113.18.248
693,Temp,Carvil,tcarvilj8@mayoclinic.com,Male,199.150.253.154
694,Otto,Graveson,ogravesonj9@qq.com,Male,173.246.8.56
695,Broddie,Grevel,bgrevelja@dion.ne.jp,Male,131.79.194.19
696,Kerrill,Colquete,kcolquetejb@tinyurl.com,Female,220.252.30.51
697,Killian,Tweddell,ktweddelljc@mayoclinic.com,Male,79.177.34.254
698,Bern,Dutteridge,bdutteridgejd@devhub.com,Male,20.69.53.115
699,Malissia,Blakeley,mblakeleyje@sohu.com,Bigender,249.122.42.8
700,Vince,Chong,vchongjf@aboutads.info,Male,150.222.55.4
701,Federico,Maasz,fmaaszjg@yandex.ru,Male,176.123.148.170
702,Loni,Phillimore,lphillimorejh@washingtonpost.com,Female,184.38.253.7
703,Chelsey,Ebdin,cebdinji@irs.gov,Female,31.71.105.90
704,Roman,Hallford,rhallfordjj@ucla.edu,Male,238.226.124.255
705,Jaime,Bezzant,jbezzantjk@who.int,Male,198.70.67.202
706,Hope,Caldroni,hcaldronijl@house.gov,Female,236.52.233.150
707,Netta,Srutton,nsruttonjm@behance.net,Female,126.121.52.142
708,Thadeus,Donaghy,tdonaghyjn@nyu.edu,Male,5.95.85.106
709,Mendie,Stathers,mstathersjo@skyrock.com,Male,160.158.79.237
710,Ellwood,Katz,ekatzjp@ovh.net,Male,250.0.65.149
711,Lemar,Mattingly,lmattinglyjq@engadget.com,Male,107.123.133.60
712,Itch,Brinded,ibrindedjr@amazon.co.uk,Male,142.215.112.169
713,Othella,O'Bradain,oobradainjs@toplist.cz,Female,77.205.239.9
714,Brooks,Faill,bfailljt@admin.ch,Female,180.239.173.137
715,Berty,Le Gallo,blegalloju@dropbox.com,Female,236.11.150.110
716,Stesha,Skidmore,sskidmorejv@amazonaws.com,Female,66.119.174.186
717,Ursa,Fuzzens,ufuzzensjw@youtu.be,Female,12.96.174.107
718,Lorna,Semiras,lsemirasjx@blogs.com,Female,192.152.227.156
719,Margeaux,Solon,msolonjy@guardian.co.uk,Female,228.51.203.212
720,Benny,Messingham,bmessinghamjz@skyrock.com,Male,163.170.97.191
721,Mortimer,Everett,meverettk0@discuz.net,Male,96.19.47.180
722,Rhett,Bendall,rbendallk1@squidoo.com,Polygender,154.246.35.144
723,Jan,Stabler,jstablerk2@dmoz.org,Male,200.96.92.255
724,Gar,Burriss,gburrissk3@nps.gov,Male,150.53.152.156
725,Berenice,Gauvin,bgauvink4@nytimes.com,Female,207.62.4.103
726,Dell,Matz,dmatzk5@unicef.org,Female,117.227.187.229
727,Bucky,Hellis,bhellisk6@livejournal.com,Male,223.219.5.203
728,Kassandra,Frostick,kfrostickk7@google.fr,Female,72.194.106.217
729,Merrill,Patinkin,mpatinkink8@dagondesign.com,Male,134.215.9.144
730,Minna,Scanterbury,mscanterburyk9@4shared.com,Female,247.25.245.88
731,Claudia,Burkert,cburkertka@alibaba.com,Female,15.114.197.78
732,Morgen,Schubbert,mschubbertkb@dailymotion.com,Bigender,38.151.5.73
733,Wade,Godden,wgoddenkc@comsenz.com,Male,123.173.198.6
734,Wylie,Loughnan,wloughnankd@wikimedia.org,Male,98.79.203.223
735,Shalna,Chrichton,schrichtonke@yandex.ru,Female,124.224.249.82
736,Demeter,Dash,ddashkf@senate.gov,Female,170.5.234.208
737,Hamish,Speck,hspeckkg@springer.com,Male,13.195.239.18
738,Roanne,O'Breen,robreenkh@ovh.net,Female,67.155.109.14
739,Abramo,Guillotin,aguillotinki@baidu.com,Agender,100.23.32.225
740,Hernando,Spenclay,hspenclaykj@imdb.com,Male,62.215.221.91
741,Sandy,Kurdani,skurdanikk@studiopress.com,Female,173.182.255.226
742,Maritsa,McGuigan,mmcguigankl@istockphoto.com,Female,95.9.81.16
743,Doralyn,Jagels,djagelskm@hatena.ne.jp,Agender,141.47.184.162
744,Arch,Squirrell,asquirrellkn@jalbum.net,Male,108.49.221.84
745,Nomi,Pay,npayko@kickstarter.com,Female,235.61.227.247
746,Sheridan,Seaborne,sseabornekp@reference.com,Genderfluid,116.64.128.91
747,Rey,Tunna,rtunnakq@forbes.com,Male,252.226.23.38
748,Merrielle,Grimbaldeston,mgrimbaldestonkr@ucla.edu,Female,48.167.32.231
749,Geri,Craker,gcrakerks@nyu.edu,Male,150.66.177.80
750,Dar,Ernshaw,dernshawkt@linkedin.com,Male,199.186.99.136
751,Petey,Melhuish,pmelhuishku@adobe.com,Male,16.162.6.215
752,Hobey,Potzold,hpotzoldkv@edublogs.org,Male,17.212.134.113
753,Iain,Pinnegar,ipinnegarkw@mysql.com,Male,214.62.221.158
754,Peder,Nunnerley,pnunnerleykx@wp.com,Male,206.79.49.76
755,Gavan,Ogles,goglesky@ning.com,Male,207.249.18.190
756,Stacie,Feechan,sfeechankz@addtoany.com,Female,242.134.190.58
757,Consuelo,Feldman,cfeldmanl0@privacy.gov.au,Non-binary,71.98.1.170
758,Hannis,Gifford,hgiffordl1@symantec.com,Female,197.6.245.19
759,Creighton,Neno,cnenol2@mozilla.org,Male,59.218.13.204
760,Berkeley,Munks,bmunksl3@com.com,Male,84.72.160.243
761,Gun,Moralas,gmoralasl4@skype.com,Male,197.121.237.157
762,Tucky,Fennell,tfennelll5@ftc.gov,Male,250.133.174.182
763,Lynde,Cullinane,lcullinanel6@zimbio.com,Female,227.161.213.218
764,Ross,Oldmeadow,roldmeadowl7@oaic.gov.au,Male,96.178.247.70
765,Reagen,Elden,reldenl8@jugem.jp,Male,99.134.122.8
766,Ursulina,Adamolli,uadamollil9@livejournal.com,Female,228.122.43.170
767,Rees,Caddock,rcaddockla@tmall.com,Male,172.6.41.173
768,Chet,Canellas,ccanellaslb@wikispaces.com,Male,95.185.80.243
769,Darcey,Thomton,dthomtonlc@tinypic.com,Female,200.43.40.35
770,Bartolemo,Kegan,bkeganld@examiner.com,Male,76.11.225.190
771,Mayne,Stoffels,mstoffelsle@sina.com.cn,Male,50.34.50.52
772,Grace,Corteney,gcorteneylf@china.com.cn,Agender,65.114.113.14
773,Kassey,Bolding,kboldinglg@flickr.com,Polygender,52.128.98.248
774,Ivor,Gartell,igartelllh@wisc.edu,Male,162.236.198.114
775,Aleksandr,Shower,ashowerli@jugem.jp,Genderfluid,29.132.92.107
776,Pamella,Zannetti,pzannettilj@nifty.com,Genderfluid,86.239.52.103
777,Reta,Pettiward,rpettiwardlk@weebly.com,Female,253.100.230.63
778,Quinn,Gander,qganderll@dyndns.org,Male,224.2.189.183
779,Ive,Costy,icostylm@spiegel.de,Male,247.113.8.247
780,Tabbie,Cattroll,tcattrollln@mit.edu,Female,85.112.230.246
781,Bradly,Leeuwerink,bleeuwerinklo@surveymonkey.com,Male,54.62.166.128
782,Izabel,Cluett,icluettlp@harvard.edu,Female,149.206.158.39
783,Sherye,Hans,shanslq@opensource.org,Female,244.152.12.159
784,Nealon,Fearick,nfearicklr@gmpg.org,Male,6.153.50.41
785,Giraldo,Crates,gcratesls@phpbb.com,Male,199.94.9.68
786,Andee,Kelberer,akelbererlt@amazon.co.jp,Female,129.117.104.22
787,Yvette,Dunn,ydunnlu@washingtonpost.com,Polygender,196.90.36.210
788,Bret,Greenlees,bgreenleeslv@cmu.edu,Bigender,58.127.92.63
789,Sidoney,Sproat,ssproatlw@mtv.com,Female,124.69.151.228
790,Ranna,Rawkesby,rrawkesbylx@live.com,Female,169.139.49.182
791,Wilmette,Matthiesen,wmatthiesenly@gravatar.com,Female,94.57.56.198
792,Garrett,Arundell,garundelllz@discovery.com,Polygender,147.1.243.104
793,Lon,Cornwell,lcornwellm0@usda.gov,Male,31.102.150.65
794,Base,Room,broomm1@washingtonpost.com,Male,192.169.38.104
795,Davidson,Petchey,dpetcheym2@phoca.cz,Male,62.81.217.220
796,Albertina,McIlvenna,amcilvennam3@example.com,Agender,48.180.237.54
797,Herminia,McPolin,hmcpolinm4@wikimedia.org,Female,253.203.19.83
798,Erik,Abrahams,eabrahamsm5@photobucket.com,Male,10.228.183.247
799,Barnebas,Seel,bseelm6@rambler.ru,Male,149.144.69.125
800,Elden,Beswick,ebeswickm7@washington.edu,Male,243.83.146.155
801,Gratia,Roth,grothm8@sourceforge.net,Female,177.158.94.72
802,Hort,Leftbridge,hleftbridgem9@csmonitor.com,Male,64.107.214.4
803,Lorettalorna,Crielly,lcriellyma@unesco.org,Female,125.121.132.82
804,Basilius,McShane,bmcshanemb@prlog.org,Male,235.230.8.112
805,Tanney,Achromov,tachromovmc@skype.com,Male,82.86.237.128
806,Atlanta,Idney,aidneymd@unicef.org,Female,96.31.101.183
807,Dave,Newton,dnewtonme@naver.com,Male,51.158.190.195
808,Sherlocke,Toothill,stoothillmf@army.mil,Male,177.89.179.54
809,Wiatt,Stithe,wstithemg@abc.net.au,Male,204.93.248.191
810,Jacinda,Rambadt,jrambadtmh@salon.com,Genderqueer,163.181.123.127
811,Cirilo,Gerber,cgerbermi@amazon.com,Male,118.48.228.204
812,Tonnie,Franzettoini,tfranzettoinimj@feedburner.com,Male,138.105.49.149
813,Teri,Vaskin,tvaskinmk@dailymail.co.uk,Female,10.97.142.97
814,Markus,Growden,mgrowdenml@paypal.com,Male,150.14.109.87
815,Ansel,Bellhouse,abellhousemm@alexa.com,Male,74.210.59.102
816,Dyana,Luberto,dlubertomn@whitehouse.gov,Female,8.76.168.187
817,Danya,Maundrell,dmaundrellmo@tamu.edu,Male,56.112.236.215
818,Elmira,Ninnoli,eninnolimp@t.co,Female,185.9.189.16
819,Elwyn,Dunsmuir,edunsmuirmq@mac.com,Male,182.229.118.227
820,Lissa,Govinlock,lgovinlockmr@house.gov,Female,72.84.250.179
821,Lucienne,Crane,lcranems@issuu.com,Female,157.147.216.219
822,Neysa,Barnewille,nbarnewillemt@imgur.com,Female,202.140.90.35
823,Katlin,Gommery,kgommerymu@1und1.de,Female,174.172.117.28
824,Trevar,Urwin,turwinmv@nhs.uk,Male,228.17.134.42
825,Neile,Schohier,nschohiermw@bluehost.com,Female,206.29.175.242
826,Aleksandr,Farragher,afarraghermx@google.it,Male,96.86.240.114
827,Clarke,Bourley,cbourleymy@plala.or.jp,Male,73.147.251.93
828,Eolande,Petrozzi,epetrozzimz@eventbrite.com,Female,118.59.24.54
829,Ray,Cammell,rcammelln0@sogou.com,Male,247.31.2.95
830,Georg,Iacomelli,giacomellin1@macromedia.com,Bigender,71.130.103.35
831,Lesli,Hurd,lhurdn2@howstuffworks.com,Female,30.105.55.68
832,Ivy,Winterbourne,iwinterbournen3@forbes.com,Female,66.37.239.94
833,Mitchael,Alessandretti,malessandrettin4@delicious.com,Male,113.147.140.83
834,Erie,Latour,elatourn5@amazon.de,Male,120.41.125.46
835,Wilt,Hughes,whughesn6@wp.com,Male,177.99.14.126
836,Leighton,Rosnau,lrosnaun7@dion.ne.jp,Male,149.145.215.220
837,Evelyn,Drinkall,edrinkalln8@slashdot.org,Male,125.19.40.254
838,Dolly,Eglise,deglisen9@wikispaces.com,Female,23.249.64.198
839,Dorie,Antonignetti,dantonignettina@discovery.com,Male,204.116.164.61
840,Lolita,Mateev,lmateevnb@icio.us,Female,255.8.85.75
841,Nannie,Downing,ndowningnc@yahoo.co.jp,Female,2.233.60.214
842,Paxton,MacCurtain,pmaccurtainnd@businesswire.com,Male,28.153.71.179
843,Koren,Chaplin,kchaplinne@blogs.com,Female,20.187.230.155
844,Reuven,Kinforth,rkinforthnf@twitter.com,Male,243.117.182.220
845,Dannye,Sara,dsarang@accuweather.com,Female,89.56.224.171
846,Gerianne,Paling,gpalingnh@merriam-webster.com,Female,251.133.1.120
847,Bartholomew,Brixham,bbrixhamni@so-net.ne.jp,Male,71.68.219.207
848,Simone,McKenna,smckennanj@ucla.edu,Female,104.128.108.139
849,Mela,Southgate,msouthgatenk@purevolume.com,Female,159.156.214.208
850,Dieter,Raccio,draccionl@meetup.com,Male,14.194.212.93
851,Sayer,Phripp,sphrippnm@ameblo.jp,Male,72.112.61.144
852,Bernardine,Garaway,bgarawaynn@wufoo.com,Female,65.15.163.93
853,Alexander,Dinsmore,adinsmoreno@vinaora.com,Male,195.164.48.35
854,Estell,Girdlestone,egirdlestonenp@walmart.com,Female,160.197.98.184
855,Nathanial,Niblett,nniblettnq@slideshare.net,Male,95.147.126.115
856,Nobe,Donoher,ndonohernr@virginia.edu,Male,146.10.237.156
857,Sissy,Poppleton,spoppletonns@zimbio.com,Female,204.244.238.148
858,Tybi,Crace,tcracent@cbsnews.com,Female,194.104.114.177
859,Rosalyn,Schutte,rschuttenu@merriam-webster.com,Bigender,4.11.209.238
860,Robinia,Lahy,rlahynv@github.io,Female,37.255.116.95
861,Stanly,Parmer,sparmernw@accuweather.com,Male,4.25.64.140
862,Mathilde,Nutty,mnuttynx@newsvine.com,Female,249.28.219.58
863,Darryl,Glyn,dglynny@so-net.ne.jp,Female,27.251.90.56
864,Milo,Scottrell,mscottrellnz@theatlantic.com,Male,144.57.124.14
865,Gerome,Annice,ganniceo0@artisteer.com,Male,67.197.35.218
866,Boote,Maha,bmahao1@mysql.com,Male,159.67.173.238
867,Rabbi,Rojas,rrojaso2@qq.com,Male,155.0.36.39
868,Care,Chatelain,cchatelaino3@wikipedia.org,Male,211.141.38.250
869,Arvy,Enos,aenoso4@cnet.com,Male,211.177.50.71
870,Romy,Somes,rsomeso5@patch.com,Female,7.111.225.238
871,Elbertine,Howgego,ehowgegoo6@php.net,Female,195.145.152.124
872,Noby,Kyd,nkydo7@google.cn,Male,40.244.215.86
873,Mile,Geleman,mgelemano8@zimbio.com,Male,144.168.35.202
874,Rollie,Waltering,rwalteringo9@nhs.uk,Male,85.118.102.114
875,Randie,McMeeking,rmcmeekingoa@a8.net,Male,221.99.98.176
876,Bastien,Huxtable,bhuxtableob@hostgator.com,Male,37.93.110.116
877,Herbie,Rame,hrameoc@google.co.jp,Male,217.196.103.213
878,Tommie,Summerlee,tsummerleeod@squarespace.com,Female,108.185.94.252
879,Maryellen,Bristow,mbristowoe@barnesandnoble.com,Genderfluid,204.86.120.168
880,Cobbie,Lawless,clawlessof@google.es,Male,10.161.180.169
881,Shermie,Inger,singerog@wsj.com,Male,247.46.234.50
882,Matthus,Trigg,mtriggoh@cbsnews.com,Male,138.75.54.217
883,Margy,Mityushin,mmityushinoi@dyndns.org,Female,19.75.182.24
884,Jarrad,Gannicott,jgannicottoj@shareasale.com,Male,180.78.36.227
885,Dulcy,Newnham,dnewnhamok@comcast.net,Genderqueer,199.76.18.76
886,Kevyn,Greenhouse,kgreenhouseol@jigsy.com,Female,217.248.167.154
887,Evyn,Koeppe,ekoeppeom@163.com,Male,60.160.199.143
888,Taddeo,Blasetti,tblasettion@ebay.com,Male,83.105.126.187
889,Norma,Giacopazzi,ngiacopazzioo@edublogs.org,Female,10.45.208.114
890,Leonidas,Craghead,lcragheadop@rediff.com,Male,117.145.106.0
891,Esme,Mulryan,emulryanoq@webnode.com,Female,8.206.15.89
892,Maybelle,Reach,mreachor@gmpg.org,Non-binary,71.90.159.200
893,Valina,Fader,vfaderos@over-blog.com,Female,71.80.196.252
894,Karena,Helmke,khelmkeot@patch.com,Female,111.182.187.79
895,Nola,Galiford,ngalifordou@weebly.com,Female,238.37.60.48
896,Ingeberg,Herrero,iherreroov@themeforest.net,Female,184.155.222.110
897,Yves,Bachmann,ybachmannow@mtv.com,Male,233.55.40.156
898,Brier,Duncan,bduncanox@yolasite.com,Female,173.109.51.195
899,Eugene,Bourley,ebourleyoy@tmall.com,Male,57.95.204.50
900,Lothaire,Ianittello,lianittellooz@forbes.com,Male,164.113.212.246
901,Khalil,Taplow,ktaplowp0@google.com,Male,174.189.30.56
902,Ainsley,Dreghorn,adreghornp1@springer.com,Bigender,10.84.50.67
903,Benedicto,Bordman,bbordmanp2@berkeley.edu,Male,156.59.111.179
904,Kattie,Overnell,kovernellp3@angelfire.com,Female,202.17.250.102
905,Rab,Scirman,rscirmanp4@google.cn,Male,86.12.241.15
906,Jayme,Iannuzzi,jiannuzzip5@example.com,Male,7.96.208.153
907,Chip,Strongman,cstrongmanp6@sun.com,Male,39.0.189.53
908,Florinda,Boddington,fboddingtonp7@a8.net,Female,214.209.215.165
909,Kacie,Gerhts,kgerhtsp8@ed.gov,Female,227.195.242.6
910,Rosalie,Hussy,rhussyp9@usgs.gov,Female,196.119.134.190
911,Binnie,Poundsford,bpoundsfordpa@vinaora.com,Female,232.70.235.144
912,Kala,Tunnock,ktunnockpb@patch.com,Female,12.18.225.84
913,Dorotea,Slocomb,dslocombpc@reuters.com,Female,41.222.18.36
914,Hilton,Kershaw,hkershawpd@macromedia.com,Male,191.243.179.41
915,Ally,Pleuman,apleumanpe@mtv.com,Female,40.122.90.88
916,Paolina,Deaton,pdeatonpf@harvard.edu,Female,252.133.218.9
917,Howie,Gilpillan,hgilpillanpg@illinois.edu,Male,54.142.179.126
918,Lu,Hiom,lhiomph@hp.com,Female,121.203.81.21
919,Gannie,MacFie,gmacfiepi@zimbio.com,Male,233.199.49.118
920,Grantham,Padbury,gpadburypj@hexun.com,Male,88.133.38.239
921,Tad,Mullineux,tmullineuxpk@state.tx.us,Male,25.253.208.105
922,Delaney,Schaffler,dschafflerpl@mlb.com,Male,113.98.226.52
923,Beverley,Clemmey,bclemmeypm@admin.ch,Non-binary,77.23.53.159
924,Sofie,Jallin,sjallinpn@indiatimes.com,Female,48.115.123.112
925,Latia,Maysor,lmaysorpo@fc2.com,Female,145.208.209.95
926,Eydie,Mulholland,emulhollandpp@toplist.cz,Female,124.132.36.148
927,Ring,Foxen,rfoxenpq@noaa.gov,Male,125.248.14.85
928,Horatio,Tremayne,htremaynepr@hp.com,Male,138.157.243.17
929,Cointon,Titchmarsh,ctitchmarshps@wix.com,Male,79.36.97.199
930,Jamil,Perse,jpersept@disqus.com,Male,26.242.23.97
931,Franny,Disbrow,fdisbrowpu@newyorker.com,Female,199.53.132.101
932,Estell,Rugiero,erugieropv@weibo.com,Female,182.233.125.251
933,Hastings,Cometson,hcometsonpw@cdbaby.com,Male,180.245.76.238
934,Lancelot,Kinforth,lkinforthpx@typepad.com,Polygender,185.156.56.2
935,Raul,Sterman,rstermanpy@usnews.com,Male,97.168.26.213
936,Noreen,Axell,naxellpz@cam.ac.uk,Non-binary,121.130.31.242
937,Rica,Hintzer,rhintzerq0@plala.or.jp,Female,1.113.9.83
938,Samuel,Stubbley,sstubbleyq1@uol.com.br,Male,5.134.214.133
939,Sax,Lambe,slambeq2@trellian.com,Male,138.8.216.235
940,Constancy,Wilde,cwildeq3@1688.com,Genderqueer,132.87.189.82
941,Judas,McKelloch,jmckellochq4@typepad.com,Male,155.253.230.162
942,Silvio,Scotchmor,sscotchmorq5@php.net,Male,216.128.173.211
943,Rosina,Muggleton,rmuggletonq6@fema.gov,Female,107.31.25.120
944,Donny,Comport,dcomportq7@drupal.org,Female,220.151.99.229
945,Andriette,Dagg,adaggq8@gnu.org,Female,220.4.94.219
946,Kip,Castro,kcastroq9@yandex.ru,Male,99.223.136.5
947,Barbara-anne,Benko,bbenkoqa@mac.com,Female,33.140.128.153
948,Merwin,Wenger,mwengerqb@dyndns.org,Male,174.214.243.41
949,Antonietta,Minkin,aminkinqc@timesonline.co.uk,Female,125.10.97.33
950,Torrie,Edgington,tedgingtonqd@ebay.com,Female,172.63.7.153
951,Maje,Slocombe,mslocombeqe@com.com,Male,46.55.196.136
952,Catrina,Caccavari,ccaccavariqf@earthlink.net,Genderqueer,134.181.142.157
953,Randene,Capsey,rcapseyqg@mtv.com,Female,84.192.119.145
954,Leeland,Lightollers,llightollersqh@deliciousdays.com,Male,32.148.125.106
955,Meagan,Tucker,mtuckerqi@imageshack.us,Female,183.230.140.70
956,Sigfrid,Jessup,sjessupqj@aol.com,Male,94.10.120.2
957,Melicent,Youde,myoudeqk@narod.ru,Female,14.160.59.239
958,Rutter,Malenfant,rmalenfantql@indiatimes.com,Male,251.114.211.0
959,Martita,Gierok,mgierokqm@jalbum.net,Female,182.24.50.248
960,Olly,Izhakov,oizhakovqn@wiley.com,Male,97.66.191.66
961,Tull,Boggis,tboggisqo@salon.com,Male,24.20.250.183
962,Grady,Hickisson,ghickissonqp@vimeo.com,Male,178.106.130.194
963,Perkin,Warret,pwarretqq@prweb.com,Male,208.253.8.18
964,Lita,Krop,lkropqr@privacy.gov.au,Female,65.102.212.148
965,Filide,Amber,famberqs@columbia.edu,Female,152.172.144.38
966,Baxy,Daybell,bdaybellqt@sogou.com,Male,95.255.229.91
967,Lutero,Abrahams,labrahamsqu@webnode.com,Male,57.59.41.248
968,Casar,Sibary,csibaryqv@facebook.com,Male,169.250.121.29
969,Berti,Beamont,bbeamontqw@bluehost.com,Female,139.110.41.137
970,Fairleigh,Loxston,floxstonqx@chicagotribune.com,Genderfluid,92.63.215.153
971,Nana,Holdworth,nholdworthqy@networksolutions.com,Female,94.12.58.24
972,Marysa,Michin,mmichinqz@ifeng.com,Female,86.32.159.196
973,Tish,Pestell,tpestellr0@joomla.org,Female,32.188.107.4
974,Quincy,Rosenfarb,qrosenfarbr1@google.com.hk,Male,243.241.101.173
975,Dimitri,Chalkly,dchalklyr2@clickbank.net,Male,174.5.237.68
976,Valeria,Lening,vleningr3@spotify.com,Female,50.60.29.221
977,Jabez,Sille,jsiller4@ted.com,Male,127.176.186.93
978,Liv,Rosenthal,lrosenthalr5@facebook.com,Female,176.170.119.75
979,Brose,Allcorn,ballcornr6@shop-pro.jp,Male,92.16.13.63
980,Annie,Morch,amorchr7@vistaprint.com,Female,16.119.106.83
981,Duncan,Spon,dsponr8@baidu.com,Polygender,220.221.118.198
982,Odell,Driffill,odriffillr9@sphinn.com,Male,234.224.29.145
983,King,Perch,kperchra@berkeley.edu,Male,232.240.50.118
984,Siana,Edland,sedlandrb@webmd.com,Female,24.190.134.76
985,Hort,Chesser,hchesserrc@psu.edu,Male,207.65.19.165
986,Hamil,Grzeszczak,hgrzeszczakrd@nature.com,Male,14.96.14.48
987,Jerrie,McIlvenna,jmcilvennare@1688.com,Female,171.180.73.62
988,Margot,Posner,mposnerrf@joomla.org,Female,57.205.62.141
989,Patricio,Leile,pleilerg@auda.org.au,Male,137.226.67.52
990,Maryjane,Ansteys,mansteysrh@yahoo.co.jp,Female,95.131.24.154
991,Marcille,Readett,mreadettri@europa.eu,Female,213.10.90.129
992,Ivy,Lardnar,ilardnarrj@bloomberg.com,Female,64.166.241.86
993,Jedediah,Leele,jleelerk@nba.com,Male,231.150.41.232
994,Alwin,Simoncello,asimoncellorl@arstechnica.com,Male,242.30.38.107
995,Ida,Rosendahl,irosendahlrm@simplemachines.org,Female,37.212.171.166
996,Skipper,Babbe,sbabbern@cnbc.com,Male,154.44.151.221
997,Gerti,Fearnyhough,gfearnyhoughro@yahoo.com,Female,211.104.74.134
998,Munmro,Buckett,mbuckettrp@netlog.com,Male,216.252.114.217
999,Stacy,Fruser,sfruserrq@cbslocal.com,Female,27.153.82.123
1000,Mandel,Torrijos,mtorrijosrr@reuters.com,Male,123.99.210.233
